url,strategy
https://www.bebeclub.co.id/membership/registration,desktop
https://www.bebeclub.co.id/membership/registration,mobile
https://www.bebeclub.co.id/membership,desktop
https://www.bebeclub.co.id/membership,mobile
https://www.bebeclub.co.id/membership/login,desktop
https://www.bebeclub.co.id/membership/login,mobile
https://www.bebeclub.co.id/membership/login-otp,desktop
https://www.bebeclub.co.id/membership/login-otp,mobile
https://www.bebeclub.co.id/membership/forgot-password,desktop
https://www.bebeclub.co.id/membership/forgot-password,mobile
https://www.bebeclub.co.id/,desktop
https://www.bebeclub.co.id/,mobile
https://www.bebeclub.co.id/produk,desktop
https://www.bebeclub.co.id/produk,mobile
https://www.bebeclub.co.id/produk/bebelac-3,desktop
https://www.bebeclub.co.id/produk/bebelac-3,mobile
https://www.bebeclub.co.id/produk/bebelac-4,desktop
https://www.bebeclub.co.id/produk/bebelac-4,mobile
https://www.bebeclub.co.id/produk/bebelac-gold,desktop
https://www.bebeclub.co.id/produk/bebelac-gold,mobile
https://www.bebeclub.co.id/produk/bebelac-gold-soya,desktop
https://www.bebeclub.co.id/produk/bebelac-gold-soya,mobile
https://www.bebeclub.co.id/produk/susu-formula-cair,desktop
https://www.bebeclub.co.id/produk/susu-formula-cair,mobile
https://www.bebeclub.co.id/membership,desktop
https://www.bebeclub.co.id/membership,mobile
https://www.bebeclub.co.id/bebefriends,desktop
https://www.bebeclub.co.id/bebefriends,mobile
https://www.bebeclub.co.id/membership/upload-struk,desktop
https://www.bebeclub.co.id/membership/upload-struk,mobile
https://www.bebeclub.co.id/tools,desktop
https://www.bebeclub.co.id/tools,mobile
https://www.bebeclub.co.id/tools/poop-tracker,desktop
https://www.bebeclub.co.id/tools/poop-tracker,mobile
https://www.bebeclub.co.id/tools/bebe-journey,desktop
https://www.bebeclub.co.id/tools/bebe-journey,mobile
https://www.bebeclub.co.id/tools/bebestory,desktop
https://www.bebeclub.co.id/tools/bebestory,mobile
https://www.bebeclub.co.id/tools/allergy-checker,desktop
https://www.bebeclub.co.id/tools/allergy-checker,mobile
https://www.bebeclub.co.id/tools/growth-tracker,desktop
https://www.bebeclub.co.id/tools/growth-tracker,mobile
https://www.bebeclub.co.id/promo-event,desktop
https://www.bebeclub.co.id/promo-event,mobile
https://www.bebeclub.co.id/artikel?topik=pencernaan,desktop
https://www.bebeclub.co.id/artikel?topik=pencernaan,mobile
https://bebeclub.co.id/hebatnya-bebelac,desktop
https://bebeclub.co.id/hebatnya-bebelac,mobile
https://www.bebeclub.co.id/artikel,desktop
https://www.bebeclub.co.id/artikel,mobile
https://www.bebeclub.co.id/artikel?kategori=ibu,desktop
https://www.bebeclub.co.id/artikel?kategori=ibu,mobile
https://www.bebeclub.co.id/artikel/nutrisi/7-9-bulan/makanan-tinggi-serat-untuk-bayi-yang-mudah-disajikan,desktop
https://www.bebeclub.co.id/artikel/nutrisi/7-9-bulan/makanan-tinggi-serat-untuk-bayi-yang-mudah-disajikan,mobile
https://www.bebeclub.co.id/artikel/tag/pencernaan,desktop
https://www.bebeclub.co.id/artikel/tag/pencernaan,mobile
https://www.bebeclub.co.id/syarat-ketentuan,desktop
https://www.bebeclub.co.id/syarat-ketentuan,mobile
https://www.bebeclub.co.id/kebijakan-privasi,desktop
https://www.bebeclub.co.id/kebijakan-privasi,mobile
https://www.bebeclub.co.id/faq,desktop
https://www.bebeclub.co.id/faq,mobile
https://www.bebeclub.co.id/kontak-kami,desktop
https://www.bebeclub.co.id/kontak-kami,mobile
https://www.bebeclub.co.id/tim-penulis,desktop
https://www.bebeclub.co.id/tim-penulis,mobile
https://www.bebeclub.co.id/tim-ahli,desktop
https://www.bebeclub.co.id/tim-ahli,mobile
